{"mean":{"confidence_interval":{"confidence_level":0.95,"lower_bound":1.5611257519671573,"upper_bound":1.6253583346817921},"point_estimate":1.5947998883772367,"standard_error":0.01593465631568554},"median":{"confidence_interval":{"confidence_level":0.95,"lower_bound":1.6251567880911741,"upper_bound":1.6473149712592083},"point_estimate":1.637969373847886,"standard_error":0.00537501585412739}}