{"mean":{"confidence_interval":{"confidence_level":0.95,"lower_bound":0.40453448619988097,"upper_bound":0.5533524335556916},"point_estimate":0.4754744136932816,"standard_error":0.03806935465482624},"median":{"confidence_interval":{"confidence_level":0.95,"lower_bound":0.17029466902841683,"upper_bound":0.833531240711054},"point_estimate":0.7701226801307377,"standard_error":0.240702847441904}}