{"mean":{"confidence_interval":{"confidence_level":0.95,"lower_bound":-0.0118987523656069,"upper_bound":0.020787362240684844},"point_estimate":0.0042741281581910595,"standard_error":0.00832734508211241},"median":{"confidence_interval":{"confidence_level":0.95,"lower_bound":-0.0226054866873302,"upper_bound":0.013945800957857024},"point_estimate":0.000023919451302978345,"standard_error":0.009953382659728898}}