{"mean":{"confidence_interval":{"confidence_level":0.95,"lower_bound":-0.061808965526149076,"upper_bound":-0.027427718720016207},"point_estimate":-0.04524382625238765,"standard_error":0.008803292464765784},"median":{"confidence_interval":{"confidence_level":0.95,"lower_bound":-0.10246538991184591,"upper_bound":-0.028382566075940696},"point_estimate":-0.06618236028136071,"standard_error":0.020850608668696057}}