{"mean":{"confidence_interval":{"confidence_level":0.95,"lower_bound":-0.8623306289047702,"upper_bound":6.101622298924026},"point_estimate":0.004131790127875901,"standard_error":3.062154557500634},"median":{"confidence_interval":{"confidence_level":0.95,"lower_bound":-0.05110690639590167,"upper_bound":0.06118998242040741},"point_estimate":-0.0005783385931846796,"standard_error":0.02991433689837615}}