{"mean":{"confidence_interval":{"confidence_level":0.95,"lower_bound":-0.9404743240376585,"upper_bound":15.004849028318526},"point_estimate":-0.20211504617219322,"standard_error":5.489554814462868},"median":{"confidence_interval":{"confidence_level":0.95,"lower_bound":0.023204499387052373,"upper_bound":0.2733757871098561},"point_estimate":0.04810014685725528,"standard_error":0.06016508601858813}}