{"mean":{"confidence_interval":{"confidence_level":0.95,"lower_bound":-0.6123563755128305,"upper_bound":10.650202164057168},"point_estimate":1.1230511210480447,"standard_error":4.858480130433303},"median":{"confidence_interval":{"confidence_level":0.95,"lower_bound":-0.1582091872291178,"upper_bound":-0.03250918090906052},"point_estimate":-0.07506910655845456,"standard_error":0.03908152074081324}}