{"mean":{"confidence_interval":{"confidence_level":0.95,"lower_bound":-0.007594581996098459,"upper_bound":0.0021737395565961026},"point_estimate":-0.002846796162705334,"standard_error":0.002495974087365782},"median":{"confidence_interval":{"confidence_level":0.95,"lower_bound":-0.0047579969894249174,"upper_bound":-0.00034891529452241166},"point_estimate":-0.0025737322199467227,"standard_error":0.0011364284170006663}}