{"mean":{"confidence_interval":{"confidence_level":0.95,"lower_bound":0.07915729957931097,"upper_bound":0.20698371597674117},"point_estimate":0.13727267087759487,"standard_error":0.032758300931425614},"median":{"confidence_interval":{"confidence_level":0.95,"lower_bound":0.0017814849459731144,"upper_bound":0.012604445407405827},"point_estimate":0.008215885280067337,"standard_error":0.002724579743782874}}