{"mean":{"confidence_interval":{"confidence_level":0.95,"lower_bound":67759770.4355,"upper_bound":69133182.96425},"point_estimate":68453519.57,"standard_error":350737.5147322007},"median":{"confidence_interval":{"confidence_level":0.95,"lower_bound":68116040.06250003,"upper_bound":69866500.0},"point_estimate":69301459.0,"standard_error":413772.89933411096},"median_abs_dev":{"confidence_interval":{"confidence_level":0.95,"lower_bound":2406260.4985803366,"upper_bound":3928611.9427531958},"point_estimate":2965107.284858823,"standard_error":378192.0124851182},"slope":null,"std_dev":{"confidence_interval":{"confidence_level":0.95,"lower_bound":3048612.3581517073,"upper_bound":3966452.099890943},"point_estimate":3540892.1875259746,"standard_error":233678.05888341324}}