{"mean":{"confidence_interval":{"confidence_level":0.95,"lower_bound":-0.013293261789784986,"upper_bound":-0.005342261022766295},"point_estimate":-0.00932124148846969,"standard_error":0.0020224569795743532},"median":{"confidence_interval":{"confidence_level":0.95,"lower_bound":-0.014121745106123755,"upper_bound":-0.00959743247535283},"point_estimate":-0.011230666368074904,"standard_error":0.0012077319349993727}}