{"mean":{"confidence_interval":{"confidence_level":0.95,"lower_bound":69280605.8,"upper_bound":71268035.57875},"point_estimate":70269492.06,"standard_error":509330.57447266905},"median":{"confidence_interval":{"confidence_level":0.95,"lower_bound":68773208.0,"upper_bound":72236458.0},"point_estimate":70360166.5,"standard_error":847690.3223961852},"median_abs_dev":{"confidence_interval":{"confidence_level":0.95,"lower_bound":3929199.0523427725,"upper_bound":6215398.605054617},"point_estimate":4832132.8296124935,"standard_error":570660.4830434063},"slope":null,"std_dev":{"confidence_interval":{"confidence_level":0.95,"lower_bound":4264138.238861189,"upper_bound":6004168.393763135},"point_estimate":5132213.423685902,"standard_error":446876.23895839974}}