{"mean":{"confidence_interval":{"confidence_level":0.95,"lower_bound":4376726.118083331,"upper_bound":4408137.010125},"point_estimate":4391621.359166664,"standard_error":8022.542117491313},"median":{"confidence_interval":{"confidence_level":0.95,"lower_bound":4355192.708333333,"upper_bound":4367479.125},"point_estimate":4360949.666666666,"standard_error":3137.9581742832816},"median_abs_dev":{"confidence_interval":{"confidence_level":0.95,"lower_bound":19497.734028846487,"upper_bound":41201.32971853064},"point_estimate":29772.95492142324,"standard_error":5975.776463571359},"slope":null,"std_dev":{"confidence_interval":{"confidence_level":0.95,"lower_bound":57180.6072330348,"upper_bound":100564.10430717579},"point_estimate":80871.20488222835,"standard_error":11117.300659769782}}