{"mean":{"confidence_interval":{"confidence_level":0.95,"lower_bound":-0.006662206604727048,"upper_bound":0.0042226898333237416},"point_estimate":-0.0009555013743069996,"standard_error":0.0027725832365954927},"median":{"confidence_interval":{"confidence_level":0.95,"lower_bound":-0.005916067501503752,"upper_bound":-0.0007231738140739408},"point_estimate":-0.0033310176453632545,"standard_error":0.0013509459691186008}}