{"mean":{"confidence_interval":{"confidence_level":0.95,"lower_bound":66443867.301249996,"upper_bound":68487954.95525},"point_estimate":67438636.24,"standard_error":521567.6465122706},"median":{"confidence_interval":{"confidence_level":0.95,"lower_bound":66192375.0,"upper_bound":68937167.0},"point_estimate":67553771.0,"standard_error":690507.2093579464},"median_abs_dev":{"confidence_interval":{"confidence_level":0.95,"lower_bound":3404451.324158907,"upper_bound":5727809.317076057},"point_estimate":4191495.4505860806,"standard_error":573280.5294405547},"slope":null,"std_dev":{"confidence_interval":{"confidence_level":0.95,"lower_bound":4157371.4195480454,"upper_bound":6286401.41118702},"point_estimate":5231451.01036402,"standard_error":548878.649165867}}