{"mean":{"confidence_interval":{"confidence_level":0.95,"lower_bound":-0.06369571244455001,"upper_bound":-0.026485404590668272},"point_estimate":-0.04429043951135181,"standard_error":0.009529744856215317},"median":{"confidence_interval":{"confidence_level":0.95,"lower_bound":-0.04313181053717852,"upper_bound":-0.007935511264298922},"point_estimate":-0.029356209739400452,"standard_error":0.008603724910242954}}