{"mean":{"confidence_interval":{"confidence_level":0.95,"lower_bound":-0.155309801224358,"upper_bound":-0.056731456457239066},"point_estimate":-0.10598355436813522,"standard_error":0.025392752775425187},"median":{"confidence_interval":{"confidence_level":0.95,"lower_bound":0.003394800191448777,"upper_bound":0.013644898967251518},"point_estimate":0.008482596600510206,"standard_error":0.002600055864533441}}