{"mean":{"confidence_interval":{"confidence_level":0.95,"lower_bound":-0.026635731388930724,"upper_bound":0.005237884648258582},"point_estimate":-0.01085223883560893,"standard_error":0.008122805582597618},"median":{"confidence_interval":{"confidence_level":0.95,"lower_bound":-0.028308921090404504,"upper_bound":0.006787922885037823},"point_estimate":-0.015249567444104106,"standard_error":0.00901795413779506}}