{"mean":{"confidence_interval":{"confidence_level":0.95,"lower_bound":9682555.271666668,"upper_bound":10020716.477374999},"point_estimate":9865131.034999996,"standard_error":86858.16864079237},"median":{"confidence_interval":{"confidence_level":0.95,"lower_bound":9999659.666666666,"upper_bound":10144187.5},"point_estimate":10088777.75,"standard_error":34389.73456949928},"median_abs_dev":{"confidence_interval":{"confidence_level":0.95,"lower_bound":219805.82429766655,"upper_bound":417774.06293302774},"point_estimate":302826.23372375965,"standard_error":49165.10927124721},"slope":null,"std_dev":{"confidence_interval":{"confidence_level":0.95,"lower_bound":535480.2198659327,"upper_bound":1148432.4054910182},"point_estimate":870576.5711631384,"standard_error":155695.41376739182}}