{"mean":{"confidence_interval":{"confidence_level":0.95,"lower_bound":0.0065916794849325555,"upper_bound":0.04087676421391233},"point_estimate":0.02400881093361451,"standard_error":0.008696566378129844},"median":{"confidence_interval":{"confidence_level":0.95,"lower_bound":-0.0015298752230431954,"upper_bound":0.045701712043741294},"point_estimate":0.019290176319348706,"standard_error":0.012452097729370682}}