{"mean":{"confidence_interval":{"confidence_level":0.95,"lower_bound":13620710.7725,"upper_bound":13981201.370125},"point_estimate":13794818.7425,"standard_error":91742.58110396375},"median":{"confidence_interval":{"confidence_level":0.95,"lower_bound":13442479.25,"upper_bound":14103125.0},"point_estimate":13798234.25,"standard_error":179544.11462093255},"median_abs_dev":{"confidence_interval":{"confidence_level":0.95,"lower_bound":596321.9098381698,"upper_bound":1059518.5734897852},"point_estimate":870880.7071387768,"standard_error":105446.8778797981},"slope":null,"std_dev":{"confidence_interval":{"confidence_level":0.95,"lower_bound":711440.1270582828,"upper_bound":1146287.220436293},"point_estimate":920251.9533382471,"standard_error":113495.56403388114}}