{"mean":{"confidence_interval":{"confidence_level":0.95,"lower_bound":0.04441951554025509,"upper_bound":0.059087529616523166},"point_estimate":0.05130077704690872,"standard_error":0.003720905244140624},"median":{"confidence_interval":{"confidence_level":0.95,"lower_bound":0.04709593233686937,"upper_bound":0.05403642712734302},"point_estimate":0.04929324970615778,"standard_error":0.0017446457566712202}}