{"mean":{"confidence_interval":{"confidence_level":0.95,"lower_bound":13197460.1659375,"upper_bound":13560121.533},"point_estimate":13375552.1825,"standard_error":92961.81505567468},"median":{"confidence_interval":{"confidence_level":0.95,"lower_bound":12975385.375,"upper_bound":13258771.0},"point_estimate":13103932.25,"standard_error":74633.57456879244},"median_abs_dev":{"confidence_interval":{"confidence_level":0.95,"lower_bound":303215.04556685686,"upper_bound":862741.7892582715},"point_estimate":447575.24902895093,"standard_error":142407.14404929103},"slope":null,"std_dev":{"confidence_interval":{"confidence_level":0.95,"lower_bound":765595.5150963933,"upper_bound":1087546.2546327102},"point_estimate":935114.2884294777,"standard_error":82459.58529371323}}