{"mean":{"confidence_interval":{"confidence_level":0.95,"lower_bound":-0.9274593487839249,"upper_bound":1.2654783581999995},"point_estimate":-0.19450080273304204,"standard_error":0.6401138333736798},"median":{"confidence_interval":{"confidence_level":0.95,"lower_bound":-0.9876783724271244,"upper_bound":-0.9857537982863369},"point_estimate":-0.9870469338592344,"standard_error":0.0005090639412738557}}