{"mean":{"confidence_interval":{"confidence_level":0.95,"lower_bound":-0.9314755231649823,"upper_bound":17.920045935765224},"point_estimate":0.25105208969105974,"standard_error":6.202207611301524},"median":{"confidence_interval":{"confidence_level":0.95,"lower_bound":-0.20750674314732043,"upper_bound":0.014474093931007959},"point_estimate":-0.031213653349211223,"standard_error":0.04880090552799207}}