{"mean":{"confidence_interval":{"confidence_level":0.95,"lower_bound":-0.014381728713060746,"upper_bound":0.011460664047812},"point_estimate":-0.0012486742380501958,"standard_error":0.006563419407611709},"median":{"confidence_interval":{"confidence_level":0.95,"lower_bound":-0.011307995995208264,"upper_bound":0.01651409835711659},"point_estimate":0.003387760941191864,"standard_error":0.006789692819142227}}