{"mean":{"confidence_interval":{"confidence_level":0.95,"lower_bound":-0.007528315397587918,"upper_bound":0.0017685530338270286},"point_estimate":-0.002946990457243892,"standard_error":0.0023760817725448167},"median":{"confidence_interval":{"confidence_level":0.95,"lower_bound":-0.006705670736495306,"upper_bound":-0.0003847401914558457},"point_estimate":-0.0035581852008558235,"standard_error":0.0017148654547764388}}