{"mean":{"confidence_interval":{"confidence_level":0.95,"lower_bound":65917408.32,"upper_bound":67381008.36725},"point_estimate":66660089.96,"standard_error":374007.8099332707},"median":{"confidence_interval":{"confidence_level":0.95,"lower_bound":66522417.0,"upper_bound":68268542.0},"point_estimate":67301271.0,"standard_error":464209.6963424451},"median_abs_dev":{"confidence_interval":{"confidence_level":0.95,"lower_bound":2693916.02807343,"upper_bound":4770205.370011926},"point_estimate":3829494.2041128874,"standard_error":522597.2738837757},"slope":null,"std_dev":{"confidence_interval":{"confidence_level":0.95,"lower_bound":3289095.0640222495,"upper_bound":4141281.742102685},"point_estimate":3762526.847088479,"standard_error":216406.6481796109}}