{"mean":{"confidence_interval":{"confidence_level":0.95,"lower_bound":-0.01826691125900476,"upper_bound":0.014669017035978112},"point_estimate":-0.0013086460306570569,"standard_error":0.008387241604791592},"median":{"confidence_interval":{"confidence_level":0.95,"lower_bound":-0.029170167925469226,"upper_bound":0.022211544795930658},"point_estimate":-0.0027999481629708,"standard_error":0.013057422220438031}}