{"mean":{"confidence_interval":{"confidence_level":0.95,"lower_bound":485004.69440592924,"upper_bound":16083405.327288132},"point_estimate":5979180.624402237,"standard_error":4664781.768202027},"median":{"confidence_interval":{"confidence_level":0.95,"lower_bound":145999.02325581395,"upper_bound":183899.01086956522},"point_estimate":148766.89464285714,"standard_error":8686.702390117349},"median_abs_dev":{"confidence_interval":{"confidence_level":0.95,"lower_bound":11838.168834178763,"upper_bound":58295.65351986277},"point_estimate":18496.163154365553,"standard_error":11441.868897656594},"slope":{"confidence_interval":{"confidence_level":0.95,"lower_bound":423297.4965232965,"upper_bound":3396102.7469715034},"point_estimate":1705252.079151766,"standard_error":770053.5835895307},"std_dev":{"confidence_interval":{"confidence_level":0.95,"lower_bound":2892299.853137551,"upper_bound":79964202.72417611},"point_estimate":46856241.86106341,"standard_error":26868465.72992218}}