{"mean":{"confidence_interval":{"confidence_level":0.95,"lower_bound":12782664.937875,"upper_bound":13018032.664625},"point_estimate":12898594.3725,"standard_error":60112.327372023305},"median":{"confidence_interval":{"confidence_level":0.95,"lower_bound":12571166.75,"upper_bound":12810505.125},"point_estimate":12645114.5,"standard_error":59831.93860617736},"median_abs_dev":{"confidence_interval":{"confidence_level":0.95,"lower_bound":146607.26904720068,"upper_bound":459907.3302850127},"point_estimate":288651.4660254121,"standard_error":76649.61522281509},"slope":null,"std_dev":{"confidence_interval":{"confidence_level":0.95,"lower_bound":507698.74273058155,"upper_bound":682090.8134981549},"point_estimate":600507.4688893161,"standard_error":44500.864225538004}}