{"mean":{"confidence_interval":{"confidence_level":0.95,"lower_bound":70847315.32625,"upper_bound":72516455.989},"point_estimate":71683186.73,"standard_error":426345.6199477029},"median":{"confidence_interval":{"confidence_level":0.95,"lower_bound":70638083.0,"upper_bound":73116334.0},"point_estimate":71800979.5,"standard_error":646341.995257957},"median_abs_dev":{"confidence_interval":{"confidence_level":0.95,"lower_bound":3611644.6704804897,"upper_bound":5742667.155647278},"point_estimate":4610917.052739859,"standard_error":540022.4223381963},"slope":null,"std_dev":{"confidence_interval":{"confidence_level":0.95,"lower_bound":3741146.47124832,"upper_bound":4724868.697293585},"point_estimate":4259370.15184433,"standard_error":251161.78538762638}}