{"mean":{"confidence_interval":{"confidence_level":0.95,"lower_bound":-0.042694070751437725,"upper_bound":0.0013383876422306145},"point_estimate":-0.019786236813034708,"standard_error":0.01097222404565341},"median":{"confidence_interval":{"confidence_level":0.95,"lower_bound":-0.015346090610812607,"upper_bound":-0.0050879663184330015},"point_estimate":-0.011514806715957504,"standard_error":0.0026858836024268194}}