{"mean":{"confidence_interval":{"confidence_level":0.95,"lower_bound":-0.03921311510152699,"upper_bound":-0.008097610525091725},"point_estimate":-0.023959326067146458,"standard_error":0.007950113571273192},"median":{"confidence_interval":{"confidence_level":0.95,"lower_bound":-0.04512305783852333,"upper_bound":-0.0013677014792535802},"point_estimate":-0.016793627045402548,"standard_error":0.009934496860177564}}