{"mean":{"confidence_interval":{"confidence_level":0.95,"lower_bound":66781028.45,"upper_bound":68325704.72},"point_estimate":67560057.95,"standard_error":395968.76619849686},"median":{"confidence_interval":{"confidence_level":0.95,"lower_bound":66819250.0,"upper_bound":68814583.5},"point_estimate":67917062.0,"standard_error":563673.8137094276},"median_abs_dev":{"confidence_interval":{"confidence_level":0.95,"lower_bound":2896877.2927701473,"upper_bound":4956023.331212997},"point_estimate":4122369.2268133163,"standard_error":536699.182263181},"slope":null,"std_dev":{"confidence_interval":{"confidence_level":0.95,"lower_bound":3448683.3208584874,"upper_bound":4442194.647262161},"point_estimate":3978199.836601324,"standard_error":254070.2856435803}}