{"mean":{"confidence_interval":{"confidence_level":0.95,"lower_bound":-0.044836193409489015,"upper_bound":-0.03519370863627298},"point_estimate":-0.039966490899733476,"standard_error":0.002449197110185967},"median":{"confidence_interval":{"confidence_level":0.95,"lower_bound":-0.04331414184112064,"upper_bound":-0.039102917773502055},"point_estimate":-0.041276560592509726,"standard_error":0.0010498622628894688}}