{"mean":{"confidence_interval":{"confidence_level":0.95,"lower_bound":8571309.34714286,"upper_bound":8615085.601982145},"point_estimate":8593289.851428574,"standard_error":11124.245905917658},"median":{"confidence_interval":{"confidence_level":0.95,"lower_bound":8579360.142857144,"upper_bound":8631343.714285715},"point_estimate":8609922.607142858,"standard_error":14705.655903337507},"median_abs_dev":{"confidence_interval":{"confidence_level":0.95,"lower_bound":63749.62791821747,"upper_bound":113917.58107755885},"point_estimate":80078.03092833057,"standard_error":13387.388624232597},"slope":null,"std_dev":{"confidence_interval":{"confidence_level":0.95,"lower_bound":91719.36592960029,"upper_bound":130419.41946243843},"point_estimate":111985.55854559965,"standard_error":9865.84306830886}}