{"mean":{"confidence_interval":{"confidence_level":0.95,"lower_bound":4364915.747625002,"upper_bound":4394870.854333333},"point_estimate":4379119.308333334,"standard_error":7663.734602444072},"median":{"confidence_interval":{"confidence_level":0.95,"lower_bound":4343222.25,"upper_bound":4357048.625},"point_estimate":4349725.75,"standard_error":3751.0621105012815},"median_abs_dev":{"confidence_interval":{"confidence_level":0.95,"lower_bound":17168.32237020135,"upper_bound":36068.87748465011},"point_estimate":22753.77067104005,"standard_error":4673.652605392058},"slope":null,"std_dev":{"confidence_interval":{"confidence_level":0.95,"lower_bound":56852.080933366415,"upper_bound":93889.30082373679},"point_estimate":76865.26097803148,"standard_error":9496.68237652128}}