{"mean":{"confidence_interval":{"confidence_level":0.95,"lower_bound":584129.2462665281,"upper_bound":20526166.55501917},"point_estimate":7480266.414798714,"standard_error":6170926.457761587},"median":{"confidence_interval":{"confidence_level":0.95,"lower_bound":142233.4054259635,"upper_bound":152118.3086419753},"point_estimate":144123.33636363636,"standard_error":2438.8264648983863},"median_abs_dev":{"confidence_interval":{"confidence_level":0.95,"lower_bound":5764.649587090446,"upper_bound":21092.40501100546},"point_estimate":9461.93412328737,"standard_error":3784.186557060005},"slope":{"confidence_interval":{"confidence_level":0.95,"lower_bound":421976.44720559526,"upper_bound":3360802.793782294},"point_estimate":1688571.2169173933,"standard_error":762776.4931619199},"std_dev":{"confidence_interval":{"confidence_level":0.95,"lower_bound":2882080.064407277,"upper_bound":105669836.51100244},"point_estimate":61795220.291558586,"standard_error":36268477.025791734}}