{"mean":{"confidence_interval":{"confidence_level":0.95,"lower_bound":8690688.009205885,"upper_bound":8755031.108823532},"point_estimate":8722863.777058821,"standard_error":16487.892086553966},"median":{"confidence_interval":{"confidence_level":0.95,"lower_bound":8673965.705882354,"upper_bound":8745781.88235294},"point_estimate":8716099.264705881,"standard_error":18462.17485897195},"median_abs_dev":{"confidence_interval":{"confidence_level":0.95,"lower_bound":94334.08621935129,"upper_bound":165840.4934322154},"point_estimate":127390.92013835907,"standard_error":18445.672734218548},"slope":null,"std_dev":{"confidence_interval":{"confidence_level":0.95,"lower_bound":137477.45332026432,"upper_bound":190959.19066522885},"point_estimate":165572.30109480373,"standard_error":13672.382914286134}}