{"mean":{"confidence_interval":{"confidence_level":0.95,"lower_bound":9584337.137125002,"upper_bound":9884220.687875},"point_estimate":9744662.851666667,"standard_error":76339.96139297135},"median":{"confidence_interval":{"confidence_level":0.95,"lower_bound":9815798.5,"upper_bound":9967822.916666668},"point_estimate":9923093.75,"standard_error":38967.5555936376},"median_abs_dev":{"confidence_interval":{"confidence_level":0.95,"lower_bound":207476.5229165554,"upper_bound":406942.8052753201},"point_estimate":298203.36345583247,"standard_error":53063.65890824164},"slope":null,"std_dev":{"confidence_interval":{"confidence_level":0.95,"lower_bound":462291.83938761096,"upper_bound":1019147.8593702771},"point_estimate":767534.4459677603,"standard_error":141985.88574133517}}