{"mean":{"confidence_interval":{"confidence_level":0.95,"lower_bound":0.025818364107628756,"upper_bound":0.08625454921917684},"point_estimate":0.05389856435155482,"standard_error":0.01545354466214801},"median":{"confidence_interval":{"confidence_level":0.95,"lower_bound":-0.007587824027211476,"upper_bound":0.012986152190461286},"point_estimate":0.0026958694855900855,"standard_error":0.0050579034865884396}}