{"mean":{"confidence_interval":{"confidence_level":0.95,"lower_bound":0.01259922460879916,"upper_bound":0.05118707344305347},"point_estimate":0.031345738424807035,"standard_error":0.009813280933630384},"median":{"confidence_interval":{"confidence_level":0.95,"lower_bound":0.024048906295922823,"upper_bound":0.07771133415728096},"point_estimate":0.05298424829691872,"standard_error":0.014490931247087323}}