{"mean":{"confidence_interval":{"confidence_level":0.95,"lower_bound":-0.023556291998591564,"upper_bound":0.006611238090719752},"point_estimate":-0.00811903491007615,"standard_error":0.007691280397818171},"median":{"confidence_interval":{"confidence_level":0.95,"lower_bound":-0.03341030980109838,"upper_bound":0.013268886839090666},"point_estimate":-0.006353525692454176,"standard_error":0.011972773899416828}}