{"mean":{"confidence_interval":{"confidence_level":0.95,"lower_bound":-0.8759002150411943,"upper_bound":6.340993653607602},"point_estimate":-0.004085251329327799,"standard_error":3.348137705104211},"median":{"confidence_interval":{"confidence_level":0.95,"lower_bound":-0.2973089652934804,"upper_bound":0.04999845008383397},"point_estimate":-0.029349984336165535,"standard_error":0.10000672780709843}}