{"mean":{"confidence_interval":{"confidence_level":0.95,"lower_bound":10583300.114799999,"upper_bound":10853831.877375005},"point_estimate":10734275.497,"standard_error":69420.9937206369},"median":{"confidence_interval":{"confidence_level":0.95,"lower_bound":10833541.7,"upper_bound":10928808.4},"point_estimate":10886881.25,"standard_error":21402.50272370943},"median_abs_dev":{"confidence_interval":{"confidence_level":0.95,"lower_bound":146032.98394739546,"upper_bound":229568.15208435003},"point_estimate":188182.18924909885,"standard_error":21144.956290741564},"slope":null,"std_dev":{"confidence_interval":{"confidence_level":0.95,"lower_bound":318874.13042997255,"upper_bound":987162.7579096319},"point_estimate":694639.9605130511,"standard_error":169303.3416286507}}