{"mean":{"confidence_interval":{"confidence_level":0.95,"lower_bound":0.020964237627200386,"upper_bound":0.08913405293735864},"point_estimate":0.05338560572006834,"standard_error":0.017449057911946973},"median":{"confidence_interval":{"confidence_level":0.95,"lower_bound":0.025682081029483994,"upper_bound":0.05160700659216588},"point_estimate":0.0402578017509434,"standard_error":0.006745177420809813}}